{
    "display": {
        "title": {
            "text": "Infinity Sword Tier 1",
            "color": "white"
        },
        "description": {
            "text": "Get the Infinity Sword Tier 1",
            "color": "green"
        },
        "icon": {
            "item": "minecraft:stone_sword"
        },
        "frame": "task",
        "show_toast": true,
        "announce_to_chat": true,
        "hidden": false
    },
    "criteria": {
        "it1": {
            "trigger": "minecraft:inventory_changed",
            "conditions": {
                "items": [
                    {
                        "item": "minecraft:carrot_on_a_stick",
                        "nbt": "{CustomModelData:000002}",
                        "count": {
                            "min": 1,
                            "max": 1
                        }
                    }
                ]
            }
        }
    },
    "parent": "infinity_sword:lets_start"
}