{
    "display": {
        "title": {
            "text": "Infinity Sword Tier 5",
            "color": "white"
        },
        "description": {
            "text": "Get the Infinity Sword Tier 5",
            "color": "light_purple"
        },
        "icon": {
            "item": "minecraft:netherite_sword"
        },
        "frame": "task",
        "show_toast": true,
        "announce_to_chat": true,
        "hidden": false
    },
    "criteria": {
        "it5": {
            "trigger": "minecraft:inventory_changed",
            "conditions": {
                "items": [
                    {
                        "item": "minecraft:carrot_on_a_stick",
                        "nbt": "{CustomModelData:000006}",
                        "count": {
                            "min": 1,
                            "max": 1
                        }
                    }
                ]
            }
        }
    },
    "parent": "infinity_sword:it4"
}